question,answer,category,language,url,intent
Que faut-il savoir sur : ISET SFAX  - Actualités ?,ISET SFAX - Actualités Contactez-nous Formations Espace Extranet Espace Extranet menu Actualités Actualités Archives des annonces Actualités Archives des annonces Appels d’offres et consultations Découvrez les formations assurées par l'ISET de Sfax d’offres et Consultations Manifestations Partenaires Académiques Partenaires Professionnels Actualités vendredi 9 mai 2025 إعلام للدخول إلى موقع المعهد Téléchargement l'avis Plus d'informations lundi 28 avril 2025 إعلام لطلبة الإجازة بتوقيت الإمتحانات...,iset-sfax,fr,https://isetsf.rnu.tn/fr/actualites/archives-des-annonces,faq
Que faut-il savoir sur : ISET SFAX  - Appels d'offres ?,ISET SFAX - Appels d'offres Contactez-nous Formations Espace Extranet Espace Extranet menu Appels d'offres Actualités Appels d’offres et consultations Appels d'offres Recevez les dernières mises à jour et offres. S'abonner Route de Mahdia Km 2.5 BP 88 A - 3099 Sfax (+216) 74 431 425 (+216) 74 431 673 iset.sfax@sfax.r-iset.tn Institut Message du Directeur Organigramme Conseil Scientifique et Technologique Galerie des photos Etudiants Formation Clubs Manifestations Inscription à distance Entrepris...,iset-sfax,fr,https://isetsf.rnu.tn/fr/actualites/appels-doffres-et-consultations,faq
Que faut-il savoir sur : ISET SFAX  - Découvrez les formations assurées par l'ISET de Sfax d’offres et Consultations ?,ISET SFAX - Découvrez les formations assurées par l'ISET de Sfax d’offres et Consultations Contactez-nous Formations Espace Extranet Espace Extranet menu Date de dernière mise à jour: samedi 10 mai 2025 Nombre de vues: 409 Découvrez les formations assurées par l'ISET de Sfax d’offres et Consultations Actualités Découvrez les formations assurées par l'ISET de Sfax d’offres et Consultations Actualités Archives des annonces Appels d’offres et consultations Découvrez les formations assurées par l'IS...,iset-sfax,fr,https://isetsf.rnu.tn/fr/actualites/decouvrez-les-formations-assurees-par-l-iset-de-sfax-doffres-et-consultations,faq
Que faut-il savoir sur : ISET SFAX  - Manifestations ?,ISET SFAX - Manifestations Contactez-nous Formations Espace Extranet Espace Extranet menu Manifestations Actualités Manifestations Actualités Archives des annonces Appels d’offres et consultations Découvrez les formations assurées par l'ISET de Sfax d’offres et Consultations Manifestations Partenaires Académiques Partenaires Professionnels Manifestations lundi 27 novembre 2023 Assistance technique pour l'élaboration du référentiel de formation selon les standards internationaux et la numérisatio...,iset-sfax,fr,https://isetsf.rnu.tn/fr/actualites/manifestations,faq
Que faut-il savoir sur : ISET SFAX  - Partenaires Académiques ?,ISET SFAX - Partenaires Académiques Contactez-nous Formations Espace Extranet Espace Extranet menu Date de dernière mise à jour: samedi 10 mai 2025 Nombre de vues: 383 Partenaires Académiques Actualités Partenaires Académiques Actualités Archives des annonces Appels d’offres et consultations Découvrez les formations assurées par l'ISET de Sfax d’offres et Consultations Manifestations Partenaires Académiques Partenaires Professionnels PARTENAIRES ACADÉMIQUES UNIVERSITE DE SFAX https://univ-sfax.t...,iset-sfax,fr,https://isetsf.rnu.tn/fr/actualites/partenaires-academiques,faq
Que faut-il savoir sur : ISET SFAX  - Partenaires Professionnels ?,ISET SFAX - Partenaires Professionnels Contactez-nous Formations Espace Extranet Espace Extranet menu Date de dernière mise à jour: samedi 10 mai 2025 Nombre de vues: 363 Partenaires Professionnels Actualités Partenaires Professionnels Actualités Archives des annonces Appels d’offres et consultations Découvrez les formations assurées par l'ISET de Sfax d’offres et Consultations Manifestations Partenaires Académiques Partenaires Professionnels Partenaires Professionnels SOPAL https://www.sopal.co...,iset-sfax,fr,https://isetsf.rnu.tn/fr/actualites/partenaires-professionnels,faq
Que faut-il savoir sur : ISET SFAX  - Message du Directeur ?,ISET SFAX - Message du Directeur Contactez-nous Formations Espace Extranet Espace Extranet menu Date de dernière mise à jour: samedi 10 mai 2025 Nombre de vues: 898 Message du Directeur Institut Message du Directeur Institut Message du Directeur Présentation Organigramme Conseil Scientifique et Technologique Départements Sc. Eco. et Gestion Technologies de l'Informatique Génie des Procédés Génie Civil Génie Mécanique Associations Association de l'Innovation et la Technologie « AIT » Association ...,iset-sfax,fr,https://isetsf.rnu.tn/fr/institut/message-du-directeur,faq
Que faut-il savoir sur : ISET SFAX  - Présentation ?,ISET SFAX - Présentation Contactez-nous Formations Espace Extranet Espace Extranet menu Date de dernière mise à jour: samedi 10 mai 2025 Nombre de vues: 933 Présentation Institut Présentation Institut Message du Directeur Présentation Organigramme Conseil Scientifique et Technologique Départements Sc. Eco. et Gestion Technologies de l'Informatique Génie des Procédés Génie Civil Génie Mécanique Associations Association de l'Innovation et la Technologie « AIT » Association de Recherche et Développ...,iset-sfax,fr,https://isetsf.rnu.tn/fr/institut/presentation,faq
Que faut-il savoir sur : ISET SFAX  - Organigramme ?,ISET SFAX - Organigramme Contactez-nous Formations Espace Extranet Espace Extranet menu Date de dernière mise à jour: samedi 10 mai 2025 Nombre de vues: 1483 Organigramme Institut Organigramme Institut Message du Directeur Présentation Organigramme Conseil Scientifique et Technologique Départements Sc. Eco. et Gestion Technologies de l'Informatique Génie des Procédés Génie Civil Génie Mécanique Associations Association de l'Innovation et la Technologie « AIT » Association de Recherche et Dévelop...,iset-sfax,fr,https://isetsf.rnu.tn/fr/institut/organigramme,faq
Que faut-il savoir sur : ISET SFAX  - Conseil scientifique et technologique ?,ISET SFAX - Conseil scientifique et technologique Contactez-nous Formations Espace Extranet Espace Extranet menu Date de dernière mise à jour: samedi 10 mai 2025 Nombre de vues: 1118 Conseil scientifique et technologique Institut Conseil Scientifique et Technologique Institut Message du Directeur Présentation Organigramme Conseil Scientifique et Technologique Départements Sc. Eco. et Gestion Technologies de l'Informatique Génie des Procédés Génie Civil Génie Mécanique Associations Association de...,iset-sfax,fr,https://isetsf.rnu.tn/fr/institut/conseil-scientifique-et-technologique,faq
Que faut-il savoir sur : ISET SFAX  ?,ISET SFAX Contactez-nous Formations Espace Extranet Espace Extranet menu Sciences Economiques et de Gestion Institut Départements Sc. Eco. et Gestion Départements Sc. Eco. et Gestion Technologies de l'Informatique Génie des Procédés Génie Civil Génie Mécanique Sciences Economiques et de Gestion Chef de département : Najoua ALOUI Email: aloui.najoua2020@gmail.com Secrétaire du Département : Mme Nadia KAMMOUN Nous Joindre : Email: aloui.najoua2020@gmail.com Tél: 74431495 Présentation du Départemen...,iset-sfax,fr,https://isetsf.rnu.tn/fr/institut/departements/sc-eco-et-gestion,faq
Que faut-il savoir sur : ISET SFAX  ?,ISET SFAX Contactez-nous Formations Espace Extranet Espace Extranet menu Technologies de l'Informatique Institut Départements Technologies de l'Informatique Départements Sc. Eco. et Gestion Technologies de l'Informatique Génie des Procédés Génie Civil Génie Mécanique Technologies de l'Informatique Directeur du département : Mohamed ELLEUCH Mohamed.elleuch@sfax.r-iset.tn Secrétaire du Département : Mme Amel BOURICHA Nous Joindre : Email : elleuch_med@yahoo.fr Tél: 74431425/ 74431182 Présentation ...,iset-sfax,fr,https://isetsf.rnu.tn/fr/institut/departements/technologies-de-l-informatique,faq
Que faut-il savoir sur : ISET SFAX  ?,ISET SFAX Contactez-nous Formations Espace Extranet Espace Extranet menu Génie de Procédés Institut Départements Génie des Procédés Départements Sc. Eco. et Gestion Technologies de l'Informatique Génie des Procédés Génie Civil Génie Mécanique Génie de Procédés Chef de département :Yasser RAHMANI yesser.rahmani@sfax.r-iset.tn Secrétaire du Département : M. Houssin HADDAD Nous Joindre : Email: rahmaniyasser@gmail.com Tél: 22644342 Présentation du Département Depuis l’ouverture de l’ISET de Sfax en...,iset-sfax,fr,https://isetsf.rnu.tn/fr/institut/departements/genie-des-procedes,faq
Que faut-il savoir sur : ISET SFAX  ?,ISET SFAX Contactez-nous Formations Espace Extranet Espace Extranet menu Génie Civil Institut Départements Génie Civil Départements Sc. Eco. et Gestion Technologies de l'Informatique Génie des Procédés Génie Civil Génie Mécanique Génie Civil Chef de département : Ali BOULILA ali.boulila21@gmail.com Recevez les dernières mises à jour et offres. S'abonner Route de Mahdia Km 2.5 BP 88 A - 3099 Sfax (+216) 74 431 425 (+216) 74 431 673 iset.sfax@sfax.r-iset.tn Institut Message du Directeur Organigram...,iset-sfax,fr,https://isetsf.rnu.tn/fr/institut/departements/genie-civil,faq
Que faut-il savoir sur : ISET SFAX  ?,"ISET SFAX Contactez-nous Formations Espace Extranet Espace Extranet menu Génie Mécanique Institut Départements Génie Mécanique Départements Sc. Eco. et Gestion Technologies de l'Informatique Génie des Procédés Génie Civil Génie Mécanique Génie Mécanique Chef de département : Kamel GUEMRI kamel.guemri@sfax.r-iset.tn Secrétaires du Département : M. NABIL KAROUI M. SALEM CHEIKH Nous Joindre : Email: isetsfax.dep.meca@gmail.com Tél: 74431425 Présentation du Département Depuis sa création en 1996, le...",iset-sfax,fr,https://isetsf.rnu.tn/fr/institut/departements/genie-mecanique,faq
Que faut-il savoir sur : ISET SFAX  - Association de l'Innovation et la Technologie « AIT » ?,ISET SFAX - Association de l'Innovation et la Technologie « AIT » Contactez-nous Formations Espace Extranet Espace Extranet menu Date de dernière mise à jour: samedi 10 mai 2025 Nombre de vues: 325 Association de l'Innovation et la Technologie « AIT » Institut Associations Association de l'Innovation et la Technologie « AIT » Institut Message du Directeur Présentation Organigramme Conseil Scientifique et Technologique Départements Sc. Eco. et Gestion Technologies de l'Informatique Génie des Proc...,iset-sfax,fr,https://isetsf.rnu.tn/fr/institut/associations/association-de-l-innovation-et-la-technologie-ait,faq
Que faut-il savoir sur : ISET SFAX  - Association de Recherche et Développement et  d'Innovation « ARDI » ?,ISET SFAX - Association de Recherche et Développement et d'Innovation « ARDI » Contactez-nous Formations Espace Extranet Espace Extranet menu Date de dernière mise à jour: samedi 10 mai 2025 Nombre de vues: 339 Association de Recherche et Développement et d'Innovation « ARDI » Institut Associations Association de Recherche et Développement et d'Innovation « ARDI » Institut Message du Directeur Présentation Organigramme Conseil Scientifique et Technologique Départements Sc. Eco. et Gestion Techno...,iset-sfax,fr,https://isetsf.rnu.tn/fr/institut/associations/association-de-recherche-et-developpement-et-d-innovation-ardi,faq
Que faut-il savoir sur : ISET SFAX  - Association Sportive Universitaire Iset de Sfax « ASUIS » ?,ISET SFAX - Association Sportive Universitaire Iset de Sfax « ASUIS » Contactez-nous Formations Espace Extranet Espace Extranet menu Date de dernière mise à jour: samedi 10 mai 2025 Nombre de vues: 350 Association Sportive Universitaire Iset de Sfax « ASUIS » Institut Associations Association Sportive Universitaire Iset de Sfax « ASUIS » Institut Message du Directeur Présentation Organigramme Conseil Scientifique et Technologique Départements Sc. Eco. et Gestion Technologies de l'Informatique Gé...,iset-sfax,fr,https://isetsf.rnu.tn/fr/institut/associations/association-sportive-universitaire-iset-de-sfax-asuis,faq
Que faut-il savoir sur : ISET SFAX  - Association Tunisienne de Soudage « ATS » ?,ISET SFAX - Association Tunisienne de Soudage « ATS » Contactez-nous Formations Espace Extranet Espace Extranet menu Date de dernière mise à jour: samedi 10 mai 2025 Nombre de vues: 324 Association Tunisienne de Soudage « ATS » Institut Associations Association Tunisienne de Soudage « ATS » Institut Message du Directeur Présentation Organigramme Conseil Scientifique et Technologique Départements Sc. Eco. et Gestion Technologies de l'Informatique Génie des Procédés Génie Civil Génie Mécanique Ass...,iset-sfax,fr,https://isetsf.rnu.tn/fr/institut/associations/association-tunisienne-de-soudage-ats,faq
Que faut-il savoir sur : ISET SFAX  - Accès à l'information ?,ISET SFAX - Accès à l'information Contactez-nous Formations Espace Extranet Espace Extranet menu Date de dernière mise à jour: samedi 10 mai 2025 Nombre de vues: 1857 Accès à l'information Institut Accès à l’Information Institut Message du Directeur Présentation Organigramme Conseil Scientifique et Technologique Départements Sc. Eco. et Gestion Technologies de l'Informatique Génie des Procédés Génie Civil Génie Mécanique Associations Association de l'Innovation et la Technologie « AIT » Associat...,iset-sfax,fr,https://isetsf.rnu.tn/fr/institut/acces-a-linformation,faq
Que faut-il savoir sur : ISET SFAX  - Manifestations ?,ISET SFAX - Manifestations Contactez-nous Formations Espace Extranet Espace Extranet menu Manifestations Institut Manifestations Institut Message du Directeur Présentation Organigramme Conseil Scientifique et Technologique Départements Sc. Eco. et Gestion Technologies de l'Informatique Génie des Procédés Génie Civil Génie Mécanique Associations Association de l'Innovation et la Technologie « AIT » Association de Recherche et Développement et d'Innovation « ARDI » Association Sportive Universitai...,iset-sfax,fr,https://isetsf.rnu.tn/fr/institut/manifestations,faq
Que faut-il savoir sur : ISET SFAX  ?,ISET SFAX Contactez-nous Formations Espace Extranet Espace Extranet menu Galeries Institut Galerie Photos Institut Message du Directeur Présentation Organigramme Conseil Scientifique et Technologique Départements Sc. Eco. et Gestion Technologies de l'Informatique Génie des Procédés Génie Civil Génie Mécanique Associations Association de l'Innovation et la Technologie « AIT » Association de Recherche et Développement et d'Innovation « ARDI » Association Sportive Universitaire Iset de Sfax « ASUIS...,iset-sfax,fr,https://isetsf.rnu.tn/fr/institut/galerie-photos,faq
Que faut-il savoir sur : ISET SFAX  - Organigramme de Formation ?,ISET SFAX - Organigramme de Formation Contactez-nous Formations Espace Extranet Espace Extranet menu Date de dernière mise à jour: samedi 10 mai 2025 Nombre de vues: 404 Organigramme de Formation Formation Organigramme de Formation Formation Organigramme de Formation Licence Nationale Sciences Economiques et de Gestion Comptabilité & Finances Management Commerce & Distribution Technologie de l’Informatique Génie des Procédés Génie Civil Génie Mécanique Mastère Professionnel Administration des Sy...,iset-sfax,fr,https://isetsf.rnu.tn/fr/formation/organigramme-de-formation,faq
Que faut-il savoir sur : ISET SFAX  - Licence en Comptabilité & Finances ?,ISET SFAX - Licence en Comptabilité & Finances Contactez-nous Formations Espace Extranet Espace Extranet menu Date de dernière mise à jour: samedi 10 mai 2025 Nombre de vues: 448 Licence Nationale Licence en Comptabilité & Finances Formation Licence Nationale Sciences Economiques et de Gestion Comptabilité & Finances Formation Organigramme de Formation Licence Nationale Sciences Economiques et de Gestion Comptabilité & Finances Management Commerce & Distribution Technologie de l’Informatique Gén...,iset-sfax,fr,https://isetsf.rnu.tn/fr/formation/licence-nationale/sciences-economiques-et-de-gestion/comptabilite-finances,faq
Que faut-il savoir sur : ISET SFAX  - Licence en  Management ?,ISET SFAX - Licence en Management Contactez-nous Formations Espace Extranet Espace Extranet menu Date de dernière mise à jour: samedi 10 mai 2025 Nombre de vues: 458 Licence Nationale Licence en Management Formation Licence Nationale Sciences Economiques et de Gestion Management Formation Organigramme de Formation Licence Nationale Sciences Economiques et de Gestion Comptabilité & Finances Management Commerce & Distribution Technologie de l’Informatique Génie des Procédés Génie Civil Génie Mécan...,iset-sfax,fr,https://isetsf.rnu.tn/fr/formation/licence-nationale/sciences-economiques-et-de-gestion/management,faq
Que faut-il savoir sur : ISET SFAX  - Licence en Commerce & Distribution ?,ISET SFAX - Licence en Commerce & Distribution Contactez-nous Formations Espace Extranet Espace Extranet menu Date de dernière mise à jour: samedi 10 mai 2025 Nombre de vues: 401 Licence Nationale Licence en Commerce & Distribution Formation Licence Nationale Sciences Economiques et de Gestion Commerce & Distribution Formation Organigramme de Formation Licence Nationale Sciences Economiques et de Gestion Comptabilité & Finances Management Commerce & Distribution Technologie de l’Informatique Gén...,iset-sfax,fr,https://isetsf.rnu.tn/fr/formation/licence-nationale/sciences-economiques-et-de-gestion/commerce-distribution,faq
Que faut-il savoir sur : ISET SFAX  - Licence en Technologies de l'Informatique ?,ISET SFAX - Licence en Technologies de l'Informatique Contactez-nous Formations Espace Extranet Espace Extranet menu Date de dernière mise à jour: samedi 10 mai 2025 Nombre de vues: 867 Licence Nationale Licence en Technologies de l'Informatique Formation Licence Nationale Technologie de l’Informatique Formation Organigramme de Formation Licence Nationale Sciences Economiques et de Gestion Comptabilité & Finances Management Commerce & Distribution Technologie de l’Informatique Génie des Procédés...,iset-sfax,fr,https://isetsf.rnu.tn/fr/formation/licence-nationale/technologie-de-linformatique,faq
Que faut-il savoir sur : ISET SFAX  - Licence en Génie des Procédés ?,ISET SFAX - Licence en Génie des Procédés Contactez-nous Formations Espace Extranet Espace Extranet menu Date de dernière mise à jour: samedi 10 mai 2025 Nombre de vues: 404 Licence Nationale Licence en Génie des Procédés Formation Licence Nationale Génie des Procédés Formation Organigramme de Formation Licence Nationale Sciences Economiques et de Gestion Comptabilité & Finances Management Commerce & Distribution Technologie de l’Informatique Génie des Procédés Génie Civil Génie Mécanique Mastèr...,iset-sfax,fr,https://isetsf.rnu.tn/fr/formation/licence-nationale/genie-des-procedes,faq
Que faut-il savoir sur : ISET SFAX  - Licence en Génie Civil ?,ISET SFAX - Licence en Génie Civil Contactez-nous Formations Espace Extranet Espace Extranet menu Date de dernière mise à jour: samedi 10 mai 2025 Nombre de vues: 442 Licence Nationale Licence en Génie Civil Formation Licence Nationale Génie Civil Formation Organigramme de Formation Licence Nationale Sciences Economiques et de Gestion Comptabilité & Finances Management Commerce & Distribution Technologie de l’Informatique Génie des Procédés Génie Civil Génie Mécanique Mastère Professionnel Admin...,iset-sfax,fr,https://isetsf.rnu.tn/fr/formation/licence-nationale/genie-civil,faq
Que faut-il savoir sur : ISET SFAX  - Licence en Génie Mécanique ?,ISET SFAX - Licence en Génie Mécanique Contactez-nous Formations Espace Extranet Espace Extranet menu Date de dernière mise à jour: samedi 10 mai 2025 Nombre de vues: 444 Licence Nationale Licence en Génie Mécanique Formation Licence Nationale Génie Mécanique Formation Organigramme de Formation Licence Nationale Sciences Economiques et de Gestion Comptabilité & Finances Management Commerce & Distribution Technologie de l’Informatique Génie des Procédés Génie Civil Génie Mécanique Mastère Profess...,iset-sfax,fr,https://isetsf.rnu.tn/fr/formation/licence-nationale/genie-mecanique,faq
"Que faut-il savoir sur : ISET SFAX  - Administration des Systèmes, Sécurité et Cloud Computing(ASSCC) ?","ISET SFAX - Administration des Systèmes, Sécurité et Cloud Computing(ASSCC) Contactez-nous Formations Espace Extranet Espace Extranet menu Date de dernière mise à jour: samedi 10 mai 2025 Nombre de vues: 436 Mastère Professionnel Administration des Systèmes, Sécurité et Cloud Computing(ASSCC) Formation Mastère Professionnel Administration des Systèmes, Sécurité et Cloud Computing(ASSCC) Formation Organigramme de Formation Licence Nationale Sciences Economiques et de Gestion Comptabilité & Financ...",iset-sfax,fr,https://isetsf.rnu.tn/fr/formation/mastere-professionnel/administration-des-systemes-securite-et-cloud-computing-asscc,faq
Que faut-il savoir sur : ISET SFAX  - Développement des Systèmes Informatiques et Réseaux (DSIR) ?,ISET SFAX - Développement des Systèmes Informatiques et Réseaux (DSIR) Contactez-nous Formations Espace Extranet Espace Extranet menu Date de dernière mise à jour: samedi 10 mai 2025 Nombre de vues: 1024 Mastère Professionnel Développement des Systèmes Informatiques et Réseaux (DSIR) Formation Mastère Professionnel Développement des Systèmes Informatiques et Réseaux (DSIR) Formation Organigramme de Formation Licence Nationale Sciences Economiques et de Gestion Comptabilité & Finances Management ...,iset-sfax,fr,https://isetsf.rnu.tn/fr/formation/mastere-professionnel/developpement-des-systemes-informatiques-et-reseaux-dsir,faq
Que faut-il savoir sur : ISET SFAX  - Instrumentation des Processus et Procédés Industriels (IPPI) ?,ISET SFAX - Instrumentation des Processus et Procédés Industriels (IPPI) Contactez-nous Formations Espace Extranet Espace Extranet menu Date de dernière mise à jour: samedi 10 mai 2025 Nombre de vues: 504 Mastère Professionnel Instrumentation des Processus et Procédés Industriels (IPPI) Formation Mastère Professionnel Instrumentation des Processus et Procédés Industriels (IPPI) Formation Organigramme de Formation Licence Nationale Sciences Economiques et de Gestion Comptabilité & Finances Manage...,iset-sfax,fr,https://isetsf.rnu.tn/fr/formation/mastere-professionnel/instrumentation-des-processus-et-procedes-industriels-ippi,faq
Que faut-il savoir sur : ISET SFAX  - Innovation et Supply Chain Management (ISCM) ?,ISET SFAX - Innovation et Supply Chain Management (ISCM) Contactez-nous Formations Espace Extranet Espace Extranet menu Date de dernière mise à jour: samedi 10 mai 2025 Nombre de vues: 781 Mastère Professionnel Innovation et Supply Chain Management (ISCM) Formation Mastère Professionnel Innovation et Supply Chain Management (ISCM) Formation Organigramme de Formation Licence Nationale Sciences Economiques et de Gestion Comptabilité & Finances Management Commerce & Distribution Technologie de l’In...,iset-sfax,fr,https://isetsf.rnu.tn/fr/formation/mastere-professionnel/innovation-et-supply-chain-management-iscm,faq
"Que faut-il savoir sur : ISET SFAX  - Management Intégré Qualité Sécurité, Santé au travail et environnement (MIQSSE) ?","ISET SFAX - Management Intégré Qualité Sécurité, Santé au travail et environnement (MIQSSE) Contactez-nous Formations Espace Extranet Espace Extranet menu Date de dernière mise à jour: samedi 10 mai 2025 Nombre de vues: 547 Mastère Professionnel Management Intégré Qualité Sécurité, Santé au travail et environnement (MIQSSE) Formation Mastère Professionnel Management Intégré Qualité Sécurité, Santé au travail et environnement (MIQSSE) Formation Organigramme de Formation Licence Nationale Sciences...",iset-sfax,fr,https://isetsf.rnu.tn/fr/formation/mastere-professionnel/management-integre-qualite-securite-sante-au-travail-et-environnement-miqsse,faq
Que faut-il savoir sur : ISET SFAX  - Licence en Technologies de l'Informatique ?,ISET SFAX - Licence en Technologies de l'Informatique Contactez-nous Formations Espace Extranet Espace Extranet menu Date de dernière mise à jour: samedi 10 mai 2025 Nombre de vues: 868 Licence Nationale Licence en Technologies de l'Informatique Formation Formation Continue à distance Licence Nationale Technologie de l’Informatique Formation Organigramme de Formation Licence Nationale Sciences Economiques et de Gestion Comptabilité & Finances Management Commerce & Distribution Technologie de l’I...,iset-sfax,fr,https://isetsf.rnu.tn/fr/formation/formation-continue-a-distance/licence-nationale/technologie-de-linformatique,faq
Que faut-il savoir sur : ISET SFAX  - Développement des Systèmes Informatiques et Réseaux (DSIR) ?,ISET SFAX - Développement des Systèmes Informatiques et Réseaux (DSIR) Contactez-nous Formations Espace Extranet Espace Extranet menu Date de dernière mise à jour: samedi 10 mai 2025 Nombre de vues: 1025 Mastère Professionnel Développement des Systèmes Informatiques et Réseaux (DSIR) Formation Formation Continue à distance Mastère Professionnel Développement des Systèmes Informatiques et Réseaux (DSIR) Formation Organigramme de Formation Licence Nationale Sciences Economiques et de Gestion Compt...,iset-sfax,fr,https://isetsf.rnu.tn/fr/formation/formation-continue-a-distance/mastere-professionnel/developpement-des-systemes-informatiques-et-reseaux-dsir,faq
Que faut-il savoir sur : ISET SFAX  - Innovation et Supply Chain Management (ISCM) ?,ISET SFAX - Innovation et Supply Chain Management (ISCM) Contactez-nous Formations Espace Extranet Espace Extranet menu Date de dernière mise à jour: samedi 10 mai 2025 Nombre de vues: 782 Mastère Professionnel Innovation et Supply Chain Management (ISCM) Formation Formation Continue à distance Mastère Professionnel Innovation et Supply Chain Management (ISCM) Formation Organigramme de Formation Licence Nationale Sciences Economiques et de Gestion Comptabilité & Finances Management Commerce & Di...,iset-sfax,fr,https://isetsf.rnu.tn/fr/formation/formation-continue-a-distance/mastere-professionnel/innovation-et-supply-chain-management-iscm,faq
Que faut-il savoir sur : ISET SFAX  - Lauréats ?,"ISET SFAX - Lauréats Contactez-nous Formations Espace Extranet Espace Extranet menu Date de dernière mise à jour: samedi 10 mai 2025 Nombre de vues: 316 Lauréats Formation Lauréats Formation Organigramme de Formation Licence Nationale Sciences Economiques et de Gestion Comptabilité & Finances Management Commerce & Distribution Technologie de l’Informatique Génie des Procédés Génie Civil Génie Mécanique Mastère Professionnel Administration des Systèmes, Sécurité et Cloud Computing(ASSCC) Développ...",iset-sfax,fr,https://isetsf.rnu.tn/fr/formation/laureats,faq
Que faut-il savoir sur : ISET SFAX  ?,"ISET SFAX Contactez-nous Formations Espace Extranet Espace Extranet menu Formation Candidature en Mastère Professionnel Si vous avez déjà déposé votre candidature, veuillez utiliser les paramètres de connexion du compte candidature master et NON PAS DE L'ESPACE EXTRANET La soumission des candidatures mastères n'est pas disponible pour le moment. Si vous avez déjà déposé votre candidature pour la préinscription aux masters, vous pouvez modifier / suivre l'état de votre candidature en utilisant le...",iset-sfax,fr,https://isetsf.rnu.tn/fr/formation/candidature-en-mastere-professionnel,faq
Que faut-il savoir sur : ISET SFAX  - Démarche Qualité ?,ISET SFAX - Démarche Qualité Contactez-nous Formations Espace Extranet Espace Extranet menu Date de dernière mise à jour: samedi 10 mai 2025 Nombre de vues: 342 Démarche Qualité Management Qualité Démarche Qualité Management Qualité Démarche Qualité Politique Qualité Responsabilité Sociétale Plan Stratégique Traitement des Réclamations Cellule de Suivi et de Veille « CSV » EPST Accréditation Lutte contre le Plagiat En cours Recevez les dernières mises à jour et offres. S'abonner Route de Mahdia ...,iset-sfax,fr,https://isetsf.rnu.tn/fr/management-qualite/demarche-qualite,faq
Que faut-il savoir sur : ISET SFAX  - Politique qualité ?,ISET SFAX - Politique qualité Contactez-nous Formations Espace Extranet Espace Extranet menu Date de dernière mise à jour: samedi 10 mai 2025 Nombre de vues: 320 Politique qualité Management Qualité Politique Qualité Management Qualité Démarche Qualité Politique Qualité Responsabilité Sociétale Plan Stratégique Traitement des Réclamations Cellule de Suivi et de Veille « CSV » EPST Accréditation Lutte contre le Plagiat En cours Recevez les dernières mises à jour et offres. S'abonner Route de Mahd...,iset-sfax,fr,https://isetsf.rnu.tn/fr/management-qualite/politique-qualite,faq
Que faut-il savoir sur : ISET SFAX  - Responsabilité Sociétale ?,ISET SFAX - Responsabilité Sociétale Contactez-nous Formations Espace Extranet Espace Extranet menu Date de dernière mise à jour: samedi 10 mai 2025 Nombre de vues: 310 Responsabilité Sociétale Management Qualité Responsabilité Sociétale Management Qualité Démarche Qualité Politique Qualité Responsabilité Sociétale Plan Stratégique Traitement des Réclamations Cellule de Suivi et de Veille « CSV » EPST Accréditation Lutte contre le Plagiat En cours Recevez les dernières mises à jour et offres. S'...,iset-sfax,fr,https://isetsf.rnu.tn/fr/management-qualite/responsabilite-societale,faq
Que faut-il savoir sur : ISET SFAX  - Plan Stratégique ?,ISET SFAX - Plan Stratégique Contactez-nous Formations Espace Extranet Espace Extranet menu Date de dernière mise à jour: samedi 10 mai 2025 Nombre de vues: 321 Plan Stratégique Management Qualité Plan Stratégique Management Qualité Démarche Qualité Politique Qualité Responsabilité Sociétale Plan Stratégique Traitement des Réclamations Cellule de Suivi et de Veille « CSV » EPST Accréditation Lutte contre le Plagiat En cours Recevez les dernières mises à jour et offres. S'abonner Route de Mahdia ...,iset-sfax,fr,https://isetsf.rnu.tn/fr/management-qualite/plan-strategique,faq
Que faut-il savoir sur : ISET SFAX  - Traitement des Réclamations ?,ISET SFAX - Traitement des Réclamations Contactez-nous Formations Espace Extranet Espace Extranet menu Date de dernière mise à jour: samedi 10 mai 2025 Nombre de vues: 294 Traitement des Réclamations Management Qualité Traitement des Réclamations Management Qualité Démarche Qualité Politique Qualité Responsabilité Sociétale Plan Stratégique Traitement des Réclamations Cellule de Suivi et de Veille « CSV » EPST Accréditation Lutte contre le Plagiat En cours Recevez les dernières mises à jour et o...,iset-sfax,fr,https://isetsf.rnu.tn/fr/management-qualite/traitement-des-reclamations,faq
Que faut-il savoir sur : ISET SFAX  - Cellule de Suivi et de Veille « CSV » ?,ISET SFAX - Cellule de Suivi et de Veille « CSV » Contactez-nous Formations Espace Extranet Espace Extranet menu Date de dernière mise à jour: samedi 10 mai 2025 Nombre de vues: 323 Cellule de Suivi et de Veille « CSV » Management Qualité Cellule de Suivi et de Veille « CSV » Management Qualité Démarche Qualité Politique Qualité Responsabilité Sociétale Plan Stratégique Traitement des Réclamations Cellule de Suivi et de Veille « CSV » EPST Accréditation Lutte contre le Plagiat La cellule de Suiv...,iset-sfax,fr,https://isetsf.rnu.tn/fr/management-qualite/cellule-de-suivi-et-de-veille-csv,faq
Que faut-il savoir sur : ISET SFAX  - EPST ?,ISET SFAX - EPST Contactez-nous Formations Espace Extranet Espace Extranet menu Date de dernière mise à jour: samedi 10 mai 2025 Nombre de vues: 287 EPST Management Qualité EPST Management Qualité Démarche Qualité Politique Qualité Responsabilité Sociétale Plan Stratégique Traitement des Réclamations Cellule de Suivi et de Veille « CSV » EPST Accréditation Lutte contre le Plagiat En cours Recevez les dernières mises à jour et offres. S'abonner Route de Mahdia Km 2.5 BP 88 A - 3099 Sfax (+216) 74...,iset-sfax,fr,https://isetsf.rnu.tn/fr/management-qualite/epst,faq
Que faut-il savoir sur : ISET SFAX  - Accréditation ?,ISET SFAX - Accréditation Contactez-nous Formations Espace Extranet Espace Extranet menu Date de dernière mise à jour: samedi 10 mai 2025 Nombre de vues: 286 Accréditation Management Qualité Accréditation Management Qualité Démarche Qualité Politique Qualité Responsabilité Sociétale Plan Stratégique Traitement des Réclamations Cellule de Suivi et de Veille « CSV » EPST Accréditation Lutte contre le Plagiat En cours Recevez les dernières mises à jour et offres. S'abonner Route de Mahdia Km 2.5 BP...,iset-sfax,fr,https://isetsf.rnu.tn/fr/management-qualite/accreditation,faq
Que faut-il savoir sur : ISET SFAX  - Lutte contre le Plagiat ?,ISET SFAX - Lutte contre le Plagiat Contactez-nous Formations Espace Extranet Espace Extranet menu Date de dernière mise à jour: samedi 10 mai 2025 Nombre de vues: 305 Lutte contre le Plagiat Management Qualité Lutte contre le Plagiat Management Qualité Démarche Qualité Politique Qualité Responsabilité Sociétale Plan Stratégique Traitement des Réclamations Cellule de Suivi et de Veille « CSV » EPST Accréditation Lutte contre le Plagiat En cours Recevez les dernières mises à jour et offres. S'abo...,iset-sfax,fr,https://isetsf.rnu.tn/fr/management-qualite/lutte-contre-le-plagiat,faq
Que faut-il savoir sur : ISET SFAX  - PAQ DGSE ?,"ISET SFAX - PAQ DGSE Contactez-nous Formations Espace Extranet Espace Extranet menu Date de dernière mise à jour: samedi 10 mai 2025 Nombre de vues: 321 PAQ DGSE Projets et partenariats PAQ PAQ DGSE Présentation du projet PAQ DGSE Projet : Modernisation de l'Enseignement Supérieur en soutien à l'Employabilité Code Projet PAQ- DGSE : 121- DGET Institution : ISET Sfax Chef de Projet : M. Ahmed JEMAL Titre du projet : Vers une institution innovante, acadépreneur, assurant son autonomie et favorisan...",iset-sfax,fr,https://isetsf.rnu.tn/fr/projets-et-partenariats/paq/paq-dgse/presentation-du-projet,faq
Que faut-il savoir sur : ISET SFAX  - Domaine 1 : Gestion et Gouvernance ?,ISET SFAX - Domaine 1 : Gestion et Gouvernance Contactez-nous Formations Espace Extranet Espace Extranet menu Date de dernière mise à jour: samedi 10 mai 2025 Nombre de vues: 258 Domaine 1 : Gestion et Gouvernance Projets et partenariats PAQ PAQ DGSE Domaine 1 : Gestion et Gouvernance COORDINATEUR: Mme Najoua MEZGHANI Objectifs Spécifiques Champ 1- Assurance Qualité (Interne & Externe) : « Comités pour la Qualité et Accréditation » OS1: Définir et valider une politique d’assurance qualité de la ...,iset-sfax,fr,https://isetsf.rnu.tn/fr/projets-et-partenariats/paq/paq-dgse/domaine-1-gestion-et-gouvernance,faq
Que faut-il savoir sur : ISET SFAX  - Domaine 2 : Formation-Employabilité ?,ISET SFAX - Domaine 2 : Formation-Employabilité Contactez-nous Formations Espace Extranet Espace Extranet menu Date de dernière mise à jour: samedi 10 mai 2025 Nombre de vues: 272 Domaine 2 : Formation-Employabilité Projets et partenariats PAQ PAQ DGSE Domaine 2 : Formation-Employabilité Responsable du domaine :Seima KHEMIR Seima.khemir@sfax.r-iset.tn Présentation du Projet L’intégration de nos diplômés dans le milieu de travail repose sur une meilleure compréhension du milieu professionnel dans...,iset-sfax,fr,https://isetsf.rnu.tn/fr/projets-et-partenariats/paq/paq-dgse/domaine-2-formation-employabilite,faq
Que faut-il savoir sur : ISET SFAX  - Domaine 3: Recherche et Innovation ?,ISET SFAX - Domaine 3: Recherche et Innovation Contactez-nous Formations Espace Extranet Espace Extranet menu Date de dernière mise à jour: samedi 10 mai 2025 Nombre de vues: 324 Domaine 3: Recherche et Innovation Projets et partenariats PAQ PAQ DGSE Domaine 3 : Recherche et Innovation COORDINATEUR: Mme Imen ZOUAOUI Objectifs Spécifiques Champ 4 - Concours de la meilleure initiative innovante et entrepreneuriale: OS 4: Valoriser les recherches technologiques à fort potentiel innovant et entrepre...,iset-sfax,fr,https://isetsf.rnu.tn/fr/projets-et-partenariats/paq/paq-dgse/domaine-3-recherche-et-innovation,faq
Que faut-il savoir sur : ISET SFAX  - Domaine 4: Services aux étudiants ?,"ISET SFAX - Domaine 4: Services aux étudiants Contactez-nous Formations Espace Extranet Espace Extranet menu Date de dernière mise à jour: samedi 10 mai 2025 Nombre de vues: 264 Domaine 4: Services aux étudiants Projets et partenariats PAQ PAQ DGSE Domaine 4 : Vie Universitaire COORDINATEUR: M. Ahmed BEN YOUNES Objectifs Spécifiques Champ 5 - Activités associatives, culturelles, scientifiques et sportives OS 5 : Soutenir les initiatives estudiantines, culturelles, sportives, scientifiques et ass...",iset-sfax,fr,https://isetsf.rnu.tn/fr/projets-et-partenariats/paq/paq-dgse/domaine-4-vie-universitaire,faq
Que faut-il savoir sur : ISET SFAX  - PAQ CoCo ISCM ?,"ISET SFAX - PAQ CoCo ISCM Contactez-nous Formations Espace Extranet Espace Extranet menu Date de dernière mise à jour: samedi 10 mai 2025 Nombre de vues: 272 PAQ CoCo ISCM Projets et partenariats PAQ PAQ CoCo ISCM Présentation du projet Porteur du projet: Mme N.MEZGHANI Co-Porteur : Mme A. JAOUA Introduction A partir de l’analyse des contextes internes et externes du parcours master Pro ISCM de l’ISET de Sfax, plusieurs problèmes ont été ressortis. Parmi ces problèmes on peut citer : Délai d’ins...",iset-sfax,fr,https://isetsf.rnu.tn/fr/projets-et-partenariats/paq/paq-coco-iscm/presentation-du-projet,faq
Que faut-il savoir sur : ISET SFAX  - Creativity Lab ?,"ISET SFAX - Creativity Lab Contactez-nous Formations Espace Extranet Espace Extranet menu Date de dernière mise à jour: samedi 10 mai 2025 Nombre de vues: 339 Creativity Lab Projets et partenariats PAQ PAQ CoCo ISCM Creativity Lab Plusieurs études démontrent qu’un lieu dans lequel on se sent bien est propice à la génération des idées nouvelles. La salle « Labo de créativité » avec un mobilier et un agencement attractif, qui donne envie aux équipes de s’y retrouver. Une des réponses possibles à c...",iset-sfax,fr,https://isetsf.rnu.tn/fr/projets-et-partenariats/paq/paq-coco-iscm/creativity-lab,faq
Que faut-il savoir sur : ISET SFAX  - PAQ 4C ?,ISET SFAX - PAQ 4C Contactez-nous Formations Espace Extranet Espace Extranet menu Date de dernière mise à jour: samedi 10 mai 2025 Nombre de vues: 271 PAQ 4C Projets et partenariats PAQ PAQ 4C En cours Recevez les dernières mises à jour et offres. S'abonner Route de Mahdia Km 2.5 BP 88 A - 3099 Sfax (+216) 74 431 425 (+216) 74 431 673 iset.sfax@sfax.r-iset.tn Institut Message du Directeur Organigramme Conseil Scientifique et Technologique Galerie des photos Etudiants Formation Clubs Manifestatio...,iset-sfax,fr,https://isetsf.rnu.tn/fr/projets-et-partenariats/paq/paq-4c,faq
Que faut-il savoir sur : ISET SFAX  - PAQ PRICE ?,ISET SFAX - PAQ PRICE Contactez-nous Formations Espace Extranet Espace Extranet menu Date de dernière mise à jour: samedi 10 mai 2025 Nombre de vues: 276 PAQ PRICE Projets et partenariats PAQ PAQ PRICE En cours Recevez les dernières mises à jour et offres. S'abonner Route de Mahdia Km 2.5 BP 88 A - 3099 Sfax (+216) 74 431 425 (+216) 74 431 673 iset.sfax@sfax.r-iset.tn Institut Message du Directeur Organigramme Conseil Scientifique et Technologique Galerie des photos Etudiants Formation Clubs Man...,iset-sfax,fr,https://isetsf.rnu.tn/fr/projets-et-partenariats/paq/paq-price,faq
Que faut-il savoir sur : ISET SFAX  - PAQ POST-PFE ?,ISET SFAX - PAQ POST-PFE Contactez-nous Formations Espace Extranet Espace Extranet menu Date de dernière mise à jour: samedi 10 mai 2025 Nombre de vues: 276 PAQ POST-PFE Projets et partenariats PAQ PAQ POST-PFE En cours Recevez les dernières mises à jour et offres. S'abonner Route de Mahdia Km 2.5 BP 88 A - 3099 Sfax (+216) 74 431 425 (+216) 74 431 673 iset.sfax@sfax.r-iset.tn Institut Message du Directeur Organigramme Conseil Scientifique et Technologique Galerie des photos Etudiants Formation ...,iset-sfax,fr,https://isetsf.rnu.tn/fr/projets-et-partenariats/paq/paq-post-pfe,faq
Que faut-il savoir sur : ISET SFAX  - PAQ licence Co-Construction en Plasturgie et Développement Durable ?,ISET SFAX - PAQ licence Co-Construction en Plasturgie et Développement Durable Contactez-nous Formations Espace Extranet Espace Extranet menu Date de dernière mise à jour: samedi 10 mai 2025 Nombre de vues: 276 PAQ licence Co-Construction en Plasturgie et Développement Durable Projets et partenariats PAQ PAQ licence Co-Construction en Plasturgie et Développement Durable En cours Recevez les dernières mises à jour et offres. S'abonner Route de Mahdia Km 2.5 BP 88 A - 3099 Sfax (+216) 74 431 425 (...,iset-sfax,fr,https://isetsf.rnu.tn/fr/projets-et-partenariats/paq/paq-licence-co-construction-en-plasturgie-et-developpement-durable,faq
Que faut-il savoir sur : ISET SFAX  - Erasmus ?,ISET SFAX - Erasmus Contactez-nous Formations Espace Extranet Espace Extranet menu Date de dernière mise à jour: samedi 10 mai 2025 Nombre de vues: 436 Erasmus Projets et partenariats Erasmus En cours Recevez les dernières mises à jour et offres. S'abonner Route de Mahdia Km 2.5 BP 88 A - 3099 Sfax (+216) 74 431 425 (+216) 74 431 673 iset.sfax@sfax.r-iset.tn Institut Message du Directeur Organigramme Conseil Scientifique et Technologique Galerie des photos Etudiants Formation Clubs Manifestation...,iset-sfax,fr,https://isetsf.rnu.tn/fr/projets-et-partenariats/erasmus,faq
Que faut-il savoir sur : ISET SFAX  - Partenariats et coopérations ?,ISET SFAX - Partenariats et coopérations Contactez-nous Formations Espace Extranet Espace Extranet menu Date de dernière mise à jour: samedi 10 mai 2025 Nombre de vues: 288 Partenariats et coopérations Projets et partenariats Partenariats et coopérations En cours Recevez les dernières mises à jour et offres. S'abonner Route de Mahdia Km 2.5 BP 88 A - 3099 Sfax (+216) 74 431 425 (+216) 74 431 673 iset.sfax@sfax.r-iset.tn Institut Message du Directeur Organigramme Conseil Scientifique et Technolog...,iset-sfax,fr,https://isetsf.rnu.tn/fr/projets-et-partenariats/partenariats-et-cooperations,faq
Que faut-il savoir sur : ISET SFAX  ?,"ISET SFAX Contactez-nous Formations Espace Extranet Espace Extranet menu Demande du compte professionnel Entreprises Demande de Compte Professionnel Chers Professionnels, L’espace entreprise est dédié spécialement pour vous afin de faciliter et renforcer vos interactions avec Institut Supérieur des Etudes Technologiques de Sfax. Cet espace a été conçu pour répondre à vos besoins en matière de recrutement et de collaboration avec notre institution. Voici les principales fonctionnalités auxquelles...",iset-sfax,fr,https://isetsf.rnu.tn/fr/entreprises/demande-de-compte-professionnel,faq
Que faut-il savoir sur : ISET SFAX  - Visites Industrielles ?,ISET SFAX - Visites Industrielles Contactez-nous Formations Espace Extranet Espace Extranet menu Date de dernière mise à jour: samedi 10 mai 2025 Nombre de vues: 303 Visites Industrielles Entreprises Visites Industrielles Entreprises Demande de Compte Professionnel Visites Industrielles Centre de Recherche Technologique CRT Expertise & Prestations Formations Partenariat et Transfert Technologique En cours Recevez les dernières mises à jour et offres. S'abonner Route de Mahdia Km 2.5 BP 88 A - 30...,iset-sfax,fr,https://isetsf.rnu.tn/fr/entreprises/visites-industrielles,faq
Que faut-il savoir sur : ISET SFAX  - Expertise & Prestations ?,ISET SFAX - Expertise & Prestations Contactez-nous Formations Espace Extranet Espace Extranet menu Date de dernière mise à jour: samedi 10 mai 2025 Nombre de vues: 260 Expertise & Prestations Entreprises Centre de Recherche Technologique CRT Expertise & Prestations Entreprises Demande de Compte Professionnel Visites Industrielles Centre de Recherche Technologique CRT Expertise & Prestations Formations Partenariat et Transfert Technologique En cours Recevez les dernières mises à jour et offres. S...,iset-sfax,fr,https://isetsf.rnu.tn/fr/entreprises/centre-de-recherche-technologique-crt/expertise-prestations,faq
Que faut-il savoir sur : ISET SFAX  - Formations ?,ISET SFAX - Formations Contactez-nous Formations Espace Extranet Espace Extranet menu Date de dernière mise à jour: samedi 10 mai 2025 Nombre de vues: 284 Formations Entreprises Centre de Recherche Technologique CRT Formations Entreprises Demande de Compte Professionnel Visites Industrielles Centre de Recherche Technologique CRT Expertise & Prestations Formations Partenariat et Transfert Technologique En cours Recevez les dernières mises à jour et offres. S'abonner Route de Mahdia Km 2.5 BP 88 A...,iset-sfax,fr,https://isetsf.rnu.tn/fr/entreprises/centre-de-recherche-technologique-crt/formations,faq
Que faut-il savoir sur : ISET SFAX  - Partenariat et Transfert Technologique ?,ISET SFAX - Partenariat et Transfert Technologique Contactez-nous Formations Espace Extranet Espace Extranet menu Date de dernière mise à jour: samedi 10 mai 2025 Nombre de vues: 291 Partenariat et Transfert Technologique Entreprises Partenariat et Transfert Technologique Entreprises Demande de Compte Professionnel Visites Industrielles Centre de Recherche Technologique CRT Expertise & Prestations Formations Partenariat et Transfert Technologique En cours Recevez les dernières mises à jour et of...,iset-sfax,fr,https://isetsf.rnu.tn/fr/entreprises/partenariat-et-transfert-technologique,faq
Que faut-il savoir sur : ISET SFAX  - Procédure d'Inscription ?,ISET SFAX - Procédure d'Inscription Contactez-nous Formations Espace Extranet Espace Extranet menu Date de dernière mise à jour: samedi 10 mai 2025 Nombre de vues: 324 Procédure d'Inscription Vie Universitaire Scolarité Procédure d'Inscription Vie Universitaire Scolarité Procédure d'Inscription Procédure de Mutation Procédure Réorientation Procédure de Retrait d'Inscription Procédure d'Obtention des Diplômes Demande d'Attestations Demande de Condition Spécifique Stages Initiation Perfectionnemen...,iset-sfax,fr,https://isetsf.rnu.tn/fr/vie-universitaire/scolarite/procedure-d-inscription,faq
Que faut-il savoir sur : ISET SFAX  - Procédure de Mutation ?,ISET SFAX - Procédure de Mutation Contactez-nous Formations Espace Extranet Espace Extranet menu Date de dernière mise à jour: samedi 10 mai 2025 Nombre de vues: 287 Procédure de Mutation Vie Universitaire Scolarité Procédure de Mutation Vie Universitaire Scolarité Procédure d'Inscription Procédure de Mutation Procédure Réorientation Procédure de Retrait d'Inscription Procédure d'Obtention des Diplômes Demande d'Attestations Demande de Condition Spécifique Stages Initiation Perfectionnement Fin ...,iset-sfax,fr,https://isetsf.rnu.tn/fr/vie-universitaire/scolarite/procedure-de-mutation,faq
Que faut-il savoir sur : ISET SFAX  - Procédure Réorientation ?,ISET SFAX - Procédure Réorientation Contactez-nous Formations Espace Extranet Espace Extranet menu Date de dernière mise à jour: samedi 10 mai 2025 Nombre de vues: 299 Procédure Réorientation Vie Universitaire Scolarité Procédure Réorientation Vie Universitaire Scolarité Procédure d'Inscription Procédure de Mutation Procédure Réorientation Procédure de Retrait d'Inscription Procédure d'Obtention des Diplômes Demande d'Attestations Demande de Condition Spécifique Stages Initiation Perfectionnemen...,iset-sfax,fr,https://isetsf.rnu.tn/fr/vie-universitaire/scolarite/procedure-reorientation,faq
Que faut-il savoir sur : ISET SFAX  - Procédure de Retrait d'Inscription ?,ISET SFAX - Procédure de Retrait d'Inscription Contactez-nous Formations Espace Extranet Espace Extranet menu Date de dernière mise à jour: samedi 10 mai 2025 Nombre de vues: 282 Procédure de Retrait d'Inscription Vie Universitaire Scolarité Procédure de Retrait d'Inscription Vie Universitaire Scolarité Procédure d'Inscription Procédure de Mutation Procédure Réorientation Procédure de Retrait d'Inscription Procédure d'Obtention des Diplômes Demande d'Attestations Demande de Condition Spécifique ...,iset-sfax,fr,https://isetsf.rnu.tn/fr/vie-universitaire/scolarite/procedure-de-retrait-d-inscription,faq
Que faut-il savoir sur : ISET SFAX  - Procédure d'Obtention des Diplômes ?,ISET SFAX - Procédure d'Obtention des Diplômes Contactez-nous Formations Espace Extranet Espace Extranet menu Date de dernière mise à jour: samedi 10 mai 2025 Nombre de vues: 266 Procédure d'Obtention des Diplômes Vie Universitaire Scolarité Procédure d'Obtention des Diplômes Vie Universitaire Scolarité Procédure d'Inscription Procédure de Mutation Procédure Réorientation Procédure de Retrait d'Inscription Procédure d'Obtention des Diplômes Demande d'Attestations Demande de Condition Spécifique ...,iset-sfax,fr,https://isetsf.rnu.tn/fr/vie-universitaire/scolarite/procedure-d-obtention-des-diplomes,faq
Que faut-il savoir sur : ISET SFAX  - Demande d'Attestations ?,ISET SFAX - Demande d'Attestations Contactez-nous Formations Espace Extranet Espace Extranet menu Date de dernière mise à jour: samedi 10 mai 2025 Nombre de vues: 373 Demande d'Attestations Vie Universitaire Scolarité Demande d'Attestations Vie Universitaire Scolarité Procédure d'Inscription Procédure de Mutation Procédure Réorientation Procédure de Retrait d'Inscription Procédure d'Obtention des Diplômes Demande d'Attestations Demande de Condition Spécifique Stages Initiation Perfectionnement F...,iset-sfax,fr,https://isetsf.rnu.tn/fr/vie-universitaire/scolarite/demande-d-attestations,faq
Que faut-il savoir sur : ISET SFAX  - Demande de Condition Spécifique ?,ISET SFAX - Demande de Condition Spécifique Contactez-nous Formations Espace Extranet Espace Extranet menu Date de dernière mise à jour: samedi 10 mai 2025 Nombre de vues: 290 Demande de Condition Spécifique Vie Universitaire Scolarité Demande de Condition Spécifique Vie Universitaire Scolarité Procédure d'Inscription Procédure de Mutation Procédure Réorientation Procédure de Retrait d'Inscription Procédure d'Obtention des Diplômes Demande d'Attestations Demande de Condition Spécifique Stages In...,iset-sfax,fr,https://isetsf.rnu.tn/fr/vie-universitaire/scolarite/demande-de-condition-specifique,faq
Que faut-il savoir sur : ISET SFAX  - Stages d'Initiation ?,ISET SFAX - Stages d'Initiation Contactez-nous Formations Espace Extranet Espace Extranet menu Date de dernière mise à jour: samedi 10 mai 2025 Nombre de vues: 320 Stages d'Initiation Vie Universitaire Stages Initiation Vie Universitaire Scolarité Procédure d'Inscription Procédure de Mutation Procédure Réorientation Procédure de Retrait d'Inscription Procédure d'Obtention des Diplômes Demande d'Attestations Demande de Condition Spécifique Stages Initiation Perfectionnement Fin d’Etudes Formation...,iset-sfax,fr,https://isetsf.rnu.tn/fr/vie-universitaire/stages/initiation,faq
Que faut-il savoir sur : ISET SFAX  - Stages de Perfectionnement ?,ISET SFAX - Stages de Perfectionnement Contactez-nous Formations Espace Extranet Espace Extranet menu Date de dernière mise à jour: samedi 10 mai 2025 Nombre de vues: 369 Stages de Perfectionnement Vie Universitaire Stages Perfectionnement Vie Universitaire Scolarité Procédure d'Inscription Procédure de Mutation Procédure Réorientation Procédure de Retrait d'Inscription Procédure d'Obtention des Diplômes Demande d'Attestations Demande de Condition Spécifique Stages Initiation Perfectionnement Fi...,iset-sfax,fr,https://isetsf.rnu.tn/fr/vie-universitaire/stages/perfectionnement,faq
Que faut-il savoir sur : ISET SFAX  - Stages de Fin d’Etudes ?,ISET SFAX - Stages de Fin d’Etudes Contactez-nous Formations Espace Extranet Espace Extranet menu Date de dernière mise à jour: samedi 10 mai 2025 Nombre de vues: 360 Stages de Fin d’Etudes Vie Universitaire Stages Fin d’Etudes Vie Universitaire Scolarité Procédure d'Inscription Procédure de Mutation Procédure Réorientation Procédure de Retrait d'Inscription Procédure d'Obtention des Diplômes Demande d'Attestations Demande de Condition Spécifique Stages Initiation Perfectionnement Fin d’Etudes F...,iset-sfax,fr,https://isetsf.rnu.tn/fr/vie-universitaire/stages/fin-detudes,faq
Que faut-il savoir sur : ISET SFAX  - MICROSOFT ?,ISET SFAX - MICROSOFT Contactez-nous Formations Espace Extranet Espace Extranet menu Date de dernière mise à jour: samedi 10 mai 2025 Nombre de vues: 285 MICROSOFT Vie Universitaire Formations Certifiantes MICROSOFT Vie Universitaire Scolarité Procédure d'Inscription Procédure de Mutation Procédure Réorientation Procédure de Retrait d'Inscription Procédure d'Obtention des Diplômes Demande d'Attestations Demande de Condition Spécifique Stages Initiation Perfectionnement Fin d’Etudes Formations Ce...,iset-sfax,fr,https://isetsf.rnu.tn/fr/vie-universitaire/formations-certifiantes/microsoft,faq
Que faut-il savoir sur : ISET SFAX  - SOLIDWORKS ?,ISET SFAX - SOLIDWORKS Contactez-nous Formations Espace Extranet Espace Extranet menu Date de dernière mise à jour: samedi 10 mai 2025 Nombre de vues: 303 SOLIDWORKS Vie Universitaire Formations Certifiantes SOLIDWORKS Vie Universitaire Scolarité Procédure d'Inscription Procédure de Mutation Procédure Réorientation Procédure de Retrait d'Inscription Procédure d'Obtention des Diplômes Demande d'Attestations Demande de Condition Spécifique Stages Initiation Perfectionnement Fin d’Etudes Formations...,iset-sfax,fr,https://isetsf.rnu.tn/fr/vie-universitaire/formations-certifiantes/solidworks,faq
Que faut-il savoir sur : ISET SFAX  - Clubs ?,ISET SFAX - Clubs Contactez-nous Formations Espace Extranet Espace Extranet menu Clubs Vie Universitaire Clubs Vie Universitaire Scolarité Procédure d'Inscription Procédure de Mutation Procédure Réorientation Procédure de Retrait d'Inscription Procédure d'Obtention des Diplômes Demande d'Attestations Demande de Condition Spécifique Stages Initiation Perfectionnement Fin d’Etudes Formations Certifiantes MICROSOFT SOLIDWORKS Clubs Activité sportive Activités Culturelles Manifestations Estudiantine...,iset-sfax,fr,https://isetsf.rnu.tn/fr/vie-universitaire/clubs-,faq
Que faut-il savoir sur : ISET SFAX  - Activité sportive ?,ISET SFAX - Activité sportive Contactez-nous Formations Espace Extranet Espace Extranet menu Date de dernière mise à jour: samedi 10 mai 2025 Nombre de vues: 536 Pages Activité sportive Vie Universitaire Activité sportive Vie Universitaire Scolarité Procédure d'Inscription Procédure de Mutation Procédure Réorientation Procédure de Retrait d'Inscription Procédure d'Obtention des Diplômes Demande d'Attestations Demande de Condition Spécifique Stages Initiation Perfectionnement Fin d’Etudes Formati...,iset-sfax,fr,https://isetsf.rnu.tn/fr/vie-universitaire/activite-sportive,faq
Que faut-il savoir sur : ISET SFAX  - Activités Culturelles ?,ISET SFAX - Activités Culturelles Contactez-nous Formations Espace Extranet Espace Extranet menu Date de dernière mise à jour: samedi 10 mai 2025 Nombre de vues: 273 Activités Culturelles Vie Universitaire Activités Culturelles Vie Universitaire Scolarité Procédure d'Inscription Procédure de Mutation Procédure Réorientation Procédure de Retrait d'Inscription Procédure d'Obtention des Diplômes Demande d'Attestations Demande de Condition Spécifique Stages Initiation Perfectionnement Fin d’Etudes F...,iset-sfax,fr,https://isetsf.rnu.tn/fr/vie-universitaire/activites-culturelles,faq
Que faut-il savoir sur : ISET SFAX  ?,ISET SFAX Contactez-nous Formations Espace Extranet Espace Extranet menu Événements Vie Universitaire Manifestations Estudiantines Événements Recevez les dernières mises à jour et offres. S'abonner Route de Mahdia Km 2.5 BP 88 A - 3099 Sfax (+216) 74 431 425 (+216) 74 431 673 iset.sfax@sfax.r-iset.tn Institut Message du Directeur Organigramme Conseil Scientifique et Technologique Galerie des photos Etudiants Formation Clubs Manifestations Inscription à distance Entreprise Demande de Compte Profe...,iset-sfax,fr,https://isetsf.rnu.tn/fr/vie-universitaire/manifestations-estudiantines,faq
Que faut-il savoir sur : ISET SFAX  - Bibliothèque ?,ISET SFAX - Bibliothèque Contactez-nous Formations Espace Extranet Espace Extranet menu Date de dernière mise à jour: samedi 10 mai 2025 Nombre de vues: 469 Bibliothèque Vie Universitaire Bibliothèque Vie Universitaire Scolarité Procédure d'Inscription Procédure de Mutation Procédure Réorientation Procédure de Retrait d'Inscription Procédure d'Obtention des Diplômes Demande d'Attestations Demande de Condition Spécifique Stages Initiation Perfectionnement Fin d’Etudes Formations Certifiantes MICR...,iset-sfax,fr,https://isetsf.rnu.tn/fr/vie-universitaire/bibliotheque,faq
Que faut-il savoir sur : ISET SFAX  - Cellule d’Ecoute ?,ISET SFAX - Cellule d’Ecoute Contactez-nous Formations Espace Extranet Espace Extranet menu Date de dernière mise à jour: samedi 10 mai 2025 Nombre de vues: 374 Cellule d’Ecoute Vie Universitaire Cellule d’Ecoute Vie Universitaire Scolarité Procédure d'Inscription Procédure de Mutation Procédure Réorientation Procédure de Retrait d'Inscription Procédure d'Obtention des Diplômes Demande d'Attestations Demande de Condition Spécifique Stages Initiation Perfectionnement Fin d’Etudes Formations Certi...,iset-sfax,fr,https://isetsf.rnu.tn/fr/vie-universitaire/cellule-decoute,faq
Que faut-il savoir sur : ISET SFAX  - Etudiant Entrepreneur ?,ISET SFAX - Etudiant Entrepreneur Contactez-nous Formations Espace Extranet Espace Extranet menu Date de dernière mise à jour: samedi 10 mai 2025 Nombre de vues: 303 Etudiant Entrepreneur Vie Universitaire Etudiant Entrepreneur Vie Universitaire Scolarité Procédure d'Inscription Procédure de Mutation Procédure Réorientation Procédure de Retrait d'Inscription Procédure d'Obtention des Diplômes Demande d'Attestations Demande de Condition Spécifique Stages Initiation Perfectionnement Fin d’Etudes F...,iset-sfax,fr,https://isetsf.rnu.tn/fr/vie-universitaire/etudiant-entrepreneur,faq
Que faut-il savoir sur : ISET SFAX  - Hébergement et Restauration Universitaire ?,ISET SFAX - Hébergement et Restauration Universitaire Contactez-nous Formations Espace Extranet Espace Extranet menu Date de dernière mise à jour: samedi 10 mai 2025 Nombre de vues: 277 Hébergement et Restauration Universitaire Vie Universitaire Hébergement et Restauration Universitaire Vie Universitaire Scolarité Procédure d'Inscription Procédure de Mutation Procédure Réorientation Procédure de Retrait d'Inscription Procédure d'Obtention des Diplômes Demande d'Attestations Demande de Condition ...,iset-sfax,fr,https://isetsf.rnu.tn/fr/vie-universitaire/hebergement-et-restauration-universitaire,faq
Que faut-il savoir sur : ISET SFAX  - Centre 4C: Présentation ?,ISET SFAX - Centre 4C: Présentation Contactez-nous Formations Espace Extranet Espace Extranet menu Date de dernière mise à jour: samedi 10 mai 2025 Nombre de vues: 303 Centre 4C: Présentation Centre 4C Présentation Centre 4C Présentation Formations Certifiantes Plan d’Activités Etudiant Entrepreneur En cours Recevez les dernières mises à jour et offres. S'abonner Route de Mahdia Km 2.5 BP 88 A - 3099 Sfax (+216) 74 431 425 (+216) 74 431 673 iset.sfax@sfax.r-iset.tn Institut Message du Directeur ...,iset-sfax,fr,https://isetsf.rnu.tn/fr/centre-4c/presentation,faq
Que faut-il savoir sur : ISET SFAX  - Centre 4C: Formations Certifiantes ?,ISET SFAX - Centre 4C: Formations Certifiantes Contactez-nous Formations Espace Extranet Espace Extranet menu Date de dernière mise à jour: samedi 10 mai 2025 Nombre de vues: 299 Centre 4C: Formations Certifiantes Centre 4C Formations Certifiantes Centre 4C Présentation Formations Certifiantes Plan d’Activités Etudiant Entrepreneur En cours Recevez les dernières mises à jour et offres. S'abonner Route de Mahdia Km 2.5 BP 88 A - 3099 Sfax (+216) 74 431 425 (+216) 74 431 673 iset.sfax@sfax.r-iset....,iset-sfax,fr,https://isetsf.rnu.tn/fr/centre-4c/formations-certifiantes,faq
Que faut-il savoir sur : ISET SFAX  - Centre 4C : Plan d’Activités ?,ISET SFAX - Centre 4C : Plan d’Activités Contactez-nous Formations Espace Extranet Espace Extranet menu Date de dernière mise à jour: samedi 10 mai 2025 Nombre de vues: 282 Centre 4C : Plan d’Activités Centre 4C Plan d’Activités Centre 4C Présentation Formations Certifiantes Plan d’Activités Etudiant Entrepreneur En cours Recevez les dernières mises à jour et offres. S'abonner Route de Mahdia Km 2.5 BP 88 A - 3099 Sfax (+216) 74 431 425 (+216) 74 431 673 iset.sfax@sfax.r-iset.tn Institut Message...,iset-sfax,fr,https://isetsf.rnu.tn/fr/centre-4c/plan-dactivites,faq
Que faut-il savoir sur : ISET SFAX  - Centre 4C : Etudiant Entrepreneur ?,ISET SFAX - Centre 4C : Etudiant Entrepreneur Contactez-nous Formations Espace Extranet Espace Extranet menu Date de dernière mise à jour: samedi 10 mai 2025 Nombre de vues: 276 Centre 4C : Etudiant Entrepreneur Centre 4C Etudiant Entrepreneur Centre 4C Présentation Formations Certifiantes Plan d’Activités Etudiant Entrepreneur En cours Recevez les dernières mises à jour et offres. S'abonner Route de Mahdia Km 2.5 BP 88 A - 3099 Sfax (+216) 74 431 425 (+216) 74 431 673 iset.sfax@sfax.r-iset.tn I...,iset-sfax,fr,https://isetsf.rnu.tn/fr/centre-4c/etudiant-entrepreneur,faq
